{
  "metadata": {
    "source": "OpenStreetMap via Overpass API",
    "query": "[out:json][timeout:30];(node[\"amenity\"=\"cafe\"](around:600, 25.0771545, 121.5733916););out center;",
    "center": {
      "lat": 25.0771545,
      "lng": 121.5733916,
      "description": "內湖科技園區"
    },
    "radius_meters": 600,
    "fetched_at": "2026-01-28T03:39:25Z",
    "total_count": 29,
    "copyright": "© OpenStreetMap contributors, ODbL"
  },
  "cafes": [
    {
      "id": "node/1837961146",
      "name": "星巴克",
      "brand": "Starbucks",
      "lat": 25.0810067,
      "lng": 121.5704747,
      "category": "coffee",
      "icon": "☕",
      "tags": ["咖啡", "連鎖"],
      "address": null
    },
    {
      "id": "node/1995088872",
      "name": "星巴克",
      "brand": "Starbucks",
      "lat": 25.0790356,
      "lng": 121.5732871,
      "category": "coffee",
      "icon": "☕",
      "tags": ["咖啡", "連鎖"],
      "address": "台北市內湖區洲子街48號"
    },
    {
      "id": "node/2171113414",
      "name": "星巴克 港墘門市",
      "brand": "Starbucks",
      "lat": 25.0753481,
      "lng": 121.5761791,
      "category": "coffee",
      "icon": "☕",
      "tags": ["咖啡", "連鎖"],
      "address": "台北市內湖區瑞光路216號",
      "opening_hours": "Mo-Fr 7:00-21:00, Sa-Su 8:00-21:00"
    },
    {
      "id": "node/3507106800",
      "name": "星巴克",
      "brand": "Starbucks",
      "lat": 25.0784318,
      "lng": 121.5695328,
      "category": "coffee",
      "icon": "☕",
      "tags": ["咖啡", "連鎖"],
      "address": "台北市內湖區瑞光路476號"
    },
    {
      "id": "node/4332194890",
      "name": "星巴克 內湖陽光門市",
      "brand": "Starbucks",
      "lat": 25.0728983,
      "lng": 121.575783,
      "category": "coffee",
      "icon": "☕",
      "tags": ["咖啡", "連鎖"],
      "address": null
    },
    {
      "id": "node/6942478488",
      "name": "路易莎咖啡",
      "brand": "Louisa Coffee",
      "lat": 25.0795779,
      "lng": 121.5726637,
      "category": "coffee",
      "icon": "☕",
      "tags": ["咖啡", "連鎖", "平價"],
      "address": null
    },
    {
      "id": "node/7506735186",
      "name": "路易莎咖啡",
      "brand": "Louisa Coffee",
      "lat": 25.0781902,
      "lng": 121.5762523,
      "category": "coffee",
      "icon": "☕",
      "tags": ["咖啡", "連鎖", "平價"],
      "address": null
    },
    {
      "id": "node/2826063236",
      "name": "85度C",
      "brand": "85°C",
      "lat": 25.078481,
      "lng": 121.5787995,
      "category": "coffee",
      "icon": "☕",
      "tags": ["咖啡", "麵包", "連鎖"],
      "address": null
    },
    {
      "id": "node/4642421494",
      "name": "Cama",
      "brand": "Cama",
      "lat": 25.0816015,
      "lng": 121.5711709,
      "category": "coffee",
      "icon": "☕",
      "tags": ["咖啡", "連鎖", "現烘"],
      "address": null
    },
    {
      "id": "node/6781231890",
      "name": "可不可熟成紅茶",
      "brand": "KEBUKE",
      "lat": 25.0791682,
      "lng": 121.5694606,
      "category": "bubble_tea",
      "icon": "🧋",
      "tags": ["手搖", "紅茶", "文青"],
      "address": "台北市內湖區瑞光路517號1樓"
    },
    {
      "id": "node/13096109867",
      "name": "五桐號",
      "brand": "WooTea",
      "lat": 25.0762704,
      "lng": 121.5756049,
      "category": "bubble_tea",
      "icon": "🧋",
      "tags": ["手搖", "楊枝甘露"],
      "address": null
    },
    {
      "id": "node/13096149904",
      "name": "俏 Ciao",
      "brand": null,
      "lat": 25.0755956,
      "lng": 121.5764585,
      "category": "bubble_tea",
      "icon": "🧋",
      "tags": ["手搖"],
      "address": null
    },
    {
      "id": "node/1796775323",
      "name": "TIMAMA",
      "brand": null,
      "lat": 25.0755327,
      "lng": 121.5775114,
      "category": "bakery_cafe",
      "icon": "🥐",
      "tags": ["麵包", "咖啡"],
      "address": null
    },
    {
      "id": "node/4352044389",
      "name": "在山野對話",
      "brand": null,
      "lat": 25.078087,
      "lng": 121.5772668,
      "category": "independent",
      "icon": "🏔️",
      "tags": ["獨立咖啡", "早午餐", "WiFi"],
      "address": "台北市內湖區港墘路127巷16弄10號",
      "opening_hours": "Mo, We-Fr 08:00-18:00; Sa-Su 08:00-19:00",
      "phone": "+886 2658-9906"
    },
    {
      "id": "node/6415386155",
      "name": "石上清湶",
      "brand": null,
      "lat": 25.0806561,
      "lng": 121.5740643,
      "category": "tea",
      "icon": "🍵",
      "tags": ["茶", "咖啡"],
      "address": "台北市內湖區內湖路一段615號1樓",
      "opening_hours": "Mo-Fr 10:00-20:00; Sa 10:00-18:00; Su off",
      "website": "http://www.flavorlife.com.tw/"
    },
    {
      "id": "node/6796742193",
      "name": "TAKE OUT",
      "brand": null,
      "lat": 25.0796496,
      "lng": 121.5736052,
      "category": "independent",
      "icon": "☕",
      "tags": ["咖啡"],
      "address": "台北市內湖區洲子街55號"
    },
    {
      "id": "node/7669551669",
      "name": "晨品咖啡",
      "brand": null,
      "lat": 25.0774064,
      "lng": 121.5769263,
      "category": "independent",
      "icon": "☕",
      "tags": ["咖啡"],
      "address": null
    },
    {
      "id": "node/7947741240",
      "name": "彼得好咖啡 PETER BETTER CAFE",
      "brand": null,
      "lat": 25.0790702,
      "lng": 121.5732075,
      "category": "independent",
      "icon": "☕",
      "tags": ["咖啡"],
      "address": "台北市內湖區洲子街50號"
    },
    {
      "id": "node/8404721411",
      "name": "不想上班只好喝拿鐵",
      "brand": null,
      "lat": 25.0764492,
      "lng": 121.5759622,
      "category": "independent",
      "icon": "☕",
      "tags": ["咖啡", "厭世"],
      "address": null
    },
    {
      "id": "node/8504077631",
      "name": "萊樂檬",
      "brand": null,
      "lat": 25.0813526,
      "lng": 121.5720082,
      "category": "juice",
      "icon": "🍋",
      "tags": ["檸檬", "果汁"],
      "address": "台北市內湖區內湖路一段435號",
      "opening_hours": "Mo-Sa 10:00-21:00"
    },
    {
      "id": "node/9337012258",
      "name": "自家屋珈琲焙煎所",
      "brand": null,
      "lat": 25.0816977,
      "lng": 121.5721567,
      "category": "independent",
      "icon": "☕",
      "tags": ["咖啡", "自烘"],
      "address": "台北市內湖區內湖路一段437巷4弄2號"
    },
    {
      "id": "node/4340640791",
      "name": "享樂咖啡",
      "brand": null,
      "lat": 25.0747436,
      "lng": 121.5779254,
      "category": "independent",
      "icon": "☕",
      "tags": ["咖啡"],
      "address": null
    },
    {
      "id": "node/4341360899",
      "name": "醜小鴨",
      "brand": null,
      "lat": 25.0762365,
      "lng": 121.5758906,
      "category": "independent",
      "icon": "🦆",
      "tags": ["咖啡"],
      "address": null
    },
    {
      "id": "node/10125619547",
      "name": "GO GO GEESAA",
      "brand": null,
      "lat": 25.07772,
      "lng": 121.5748694,
      "category": "independent",
      "icon": "☕",
      "tags": ["咖啡"],
      "address": null
    },
    {
      "id": "node/10801354593",
      "name": "S&D Coffee",
      "brand": null,
      "lat": 25.0817597,
      "lng": 121.5735681,
      "category": "independent",
      "icon": "☕",
      "tags": ["咖啡"],
      "address": null
    },
    {
      "id": "node/11076757410",
      "name": "丹家暢堤咖啡",
      "brand": null,
      "lat": 25.0743624,
      "lng": 121.5784883,
      "category": "independent",
      "icon": "☕",
      "tags": ["咖啡"],
      "address": null
    },
    {
      "id": "node/12041431041",
      "name": "艾卡啡商行 iCAFE",
      "brand": null,
      "lat": 25.0778789,
      "lng": 121.5773436,
      "category": "independent",
      "icon": "☕",
      "tags": ["咖啡"],
      "address": null
    },
    {
      "id": "node/12213895887",
      "name": "綠光花園咖啡館",
      "brand": null,
      "lat": 25.0782264,
      "lng": 121.5779621,
      "category": "independent",
      "icon": "🌿",
      "tags": ["咖啡", "花園"],
      "address": null
    },
    {
      "id": "node/12384580420",
      "name": "Moooon River Cafe & Books",
      "brand": null,
      "lat": 25.0754474,
      "lng": 121.5760877,
      "category": "independent",
      "icon": "📚",
      "tags": ["咖啡", "書店", "WiFi"],
      "address": "台北市內湖區瑞光路218號4樓",
      "opening_hours": "Mo-Th 11:00-18:00; Fr-Su 11:00-21:00",
      "phone": "02 7720 2070",
      "website": "https://moooonriver.com"
    }
  ],
  "brands_summary": [
    { "brand": "Starbucks", "name_zh": "星巴克", "count": 5, "color": "#00704A", "icon": "☕" },
    { "brand": "Louisa Coffee", "name_zh": "路易莎", "count": 2, "color": "#1E3A5F", "icon": "☕" },
    { "brand": "85°C", "name_zh": "85度C", "count": 1, "color": "#C8102E", "icon": "☕" },
    { "brand": "Cama", "name_zh": "Cama", "count": 1, "color": "#8B4513", "icon": "☕" },
    { "brand": "KEBUKE", "name_zh": "可不可", "count": 1, "color": "#8B4513", "icon": "🧋" },
    { "brand": "WooTea", "name_zh": "五桐號", "count": 1, "color": "#D4AF37", "icon": "🧋" },
    { "brand": null, "name_zh": "獨立店家", "count": 18, "color": "#808080", "icon": "☕" }
  ],
  "categories": [
    { "id": "coffee", "name": "連鎖咖啡", "icon": "☕", "count": 9 },
    { "id": "independent", "name": "獨立咖啡", "icon": "🏠", "count": 14 },
    { "id": "bubble_tea", "name": "手搖飲", "icon": "🧋", "count": 3 },
    { "id": "tea", "name": "茶館", "icon": "🍵", "count": 1 },
    { "id": "bakery_cafe", "name": "烘焙咖啡", "icon": "🥐", "count": 1 },
    { "id": "juice", "name": "果汁", "icon": "🍋", "count": 1 }
  ],
  "highlights": [
    {
      "name": "不想上班只好喝拿鐵",
      "reason": "店名超有共鳴 😂",
      "id": "node/8404721411"
    },
    {
      "name": "Moooon River Cafe & Books",
      "reason": "咖啡+書店，有詳細資訊",
      "id": "node/12384580420"
    },
    {
      "name": "在山野對話",
      "reason": "有營業時間、電話，資料完整",
      "id": "node/4352044389"
    }
  ]
}
