{
  "metadata": {
    "source": "OpenStreetMap via Overpass API",
    "center": {
      "lat": 25.0771545,
      "lng": 121.5733916,
      "description": "內湖科技園區"
    },
    "radius_meters": 600,
    "fetched_at": "2026-01-28",
    "total_count": 43,
    "copyright": "© OpenStreetMap contributors, ODbL"
  },
  "places": [
    {
      "id": "node/2523931424",
      "name": "麥當勞",
      "brand": "McDonald's",
      "lat": 25.0789952,
      "lng": 121.578412,
      "type": "fast_food",
      "category": "burger",
      "icon": "🍟",
      "tags": ["漢堡", "美式"]
    },
    {
      "id": "node/3742378207",
      "name": "麥當勞",
      "brand": "McDonald's",
      "lat": 25.0792317,
      "lng": 121.5694891,
      "type": "fast_food",
      "category": "burger",
      "icon": "🍟",
      "tags": ["漢堡", "美式"],
      "address": "台北市內湖區瑞光路517號1樓"
    },
    {
      "id": "node/1846462708",
      "name": "摩斯漢堡 內湖亞太店",
      "brand": "MOS Burger",
      "lat": 25.0725662,
      "lng": 121.5758463,
      "type": "fast_food",
      "category": "burger",
      "icon": "🍔",
      "tags": ["漢堡", "日式"],
      "address": "台北市內湖區瑞湖街80號"
    },
    {
      "id": "node/2170336299",
      "name": "摩斯漢堡",
      "brand": "MOS Burger",
      "lat": 25.0803923,
      "lng": 121.5748027,
      "type": "fast_food",
      "category": "burger",
      "icon": "🍔",
      "tags": ["漢堡", "日式"]
    },
    {
      "id": "node/3742372119",
      "name": "摩斯漢堡",
      "brand": "MOS Burger",
      "lat": 25.0801914,
      "lng": 121.5699153,
      "type": "fast_food",
      "category": "burger",
      "icon": "🍔",
      "tags": ["漢堡", "日式"],
      "address": "台北市內湖區瑞光路513巷34號"
    },
    {
      "id": "node/3760220091",
      "name": "頂呱呱",
      "brand": "頂呱呱",
      "lat": 25.0755103,
      "lng": 121.5766309,
      "type": "fast_food",
      "category": "chicken",
      "icon": "🍗",
      "tags": ["炸雞", "本土"]
    },
    {
      "id": "node/3760222677",
      "name": "Subway",
      "brand": "Subway",
      "lat": 25.0754432,
      "lng": 121.5767489,
      "type": "fast_food",
      "category": "sandwich",
      "icon": "🥪",
      "tags": ["潛艇堡", "健康"]
    },
    {
      "id": "node/4861154621",
      "name": "Subway",
      "brand": "Subway",
      "lat": 25.0792559,
      "lng": 121.5691615,
      "type": "fast_food",
      "category": "sandwich",
      "icon": "🥪",
      "tags": ["潛艇堡", "健康"],
      "address": "台北市內湖區瑞光路517號1樓"
    },
    {
      "id": "node/4946808921",
      "name": "八方雲集 內湖江南店",
      "brand": "八方雲集",
      "lat": 25.076658,
      "lng": 121.576704,
      "type": "fast_food",
      "category": "dumplings",
      "icon": "🥟",
      "tags": ["水餃", "鍋貼"],
      "address": "台北市內湖區江南街103號",
      "phone": "+886 2 2659 9790"
    },
    {
      "id": "node/7778776366",
      "name": "八方雲集 內湖麗山店",
      "brand": "八方雲集",
      "lat": 25.0819198,
      "lng": 121.5736586,
      "type": "fast_food",
      "category": "dumplings",
      "icon": "🥟",
      "tags": ["水餃", "鍋貼"],
      "address": "台北市內湖區麗山街348巷15號",
      "phone": "+886 2 2627 1636"
    },
    {
      "id": "node/7631275089",
      "name": "吉野家",
      "brand": "吉野家",
      "lat": 25.0792321,
      "lng": 121.5693362,
      "type": "fast_food",
      "category": "beef_bowl",
      "icon": "🍚",
      "tags": ["牛丼", "日式"]
    },
    {
      "id": "node/12213895893",
      "name": "松屋",
      "brand": "松屋",
      "lat": 25.0786433,
      "lng": 121.5783317,
      "type": "fast_food",
      "category": "beef_bowl",
      "icon": "🍚",
      "tags": ["牛丼", "日式"]
    },
    {
      "id": "node/7765187981",
      "name": "瑞麟美而美",
      "brand": "美而美",
      "lat": 25.0805045,
      "lng": 121.574461,
      "type": "fast_food",
      "category": "breakfast",
      "icon": "🍳",
      "tags": ["早餐", "本土"]
    },
    {
      "id": "node/12213895891",
      "name": "早安美芝城",
      "brand": "早安美芝城",
      "lat": 25.0787053,
      "lng": 121.5781853,
      "type": "fast_food",
      "category": "breakfast",
      "icon": "🍳",
      "tags": ["早餐", "本土"]
    },
    {
      "id": "node/1837961146",
      "name": "星巴克",
      "brand": "Starbucks",
      "lat": 25.0810067,
      "lng": 121.5704747,
      "type": "cafe",
      "category": "coffee",
      "icon": "☕",
      "tags": ["咖啡", "連鎖"]
    },
    {
      "id": "node/1995088872",
      "name": "星巴克",
      "brand": "Starbucks",
      "lat": 25.0790356,
      "lng": 121.5732871,
      "type": "cafe",
      "category": "coffee",
      "icon": "☕",
      "tags": ["咖啡", "連鎖"],
      "address": "台北市內湖區洲子街48號"
    },
    {
      "id": "node/2171113414",
      "name": "星巴克 港墘門市",
      "brand": "Starbucks",
      "lat": 25.0753481,
      "lng": 121.5761791,
      "type": "cafe",
      "category": "coffee",
      "icon": "☕",
      "tags": ["咖啡", "連鎖"],
      "address": "台北市內湖區瑞光路216號",
      "opening_hours": "Mo-Fr 7:00-21:00, Sa-Su 8:00-21:00"
    },
    {
      "id": "node/3507106800",
      "name": "星巴克",
      "brand": "Starbucks",
      "lat": 25.0784318,
      "lng": 121.5695328,
      "type": "cafe",
      "category": "coffee",
      "icon": "☕",
      "tags": ["咖啡", "連鎖"],
      "address": "台北市內湖區瑞光路476號"
    },
    {
      "id": "node/4332194890",
      "name": "星巴克 內湖陽光門市",
      "brand": "Starbucks",
      "lat": 25.0728983,
      "lng": 121.575783,
      "type": "cafe",
      "category": "coffee",
      "icon": "☕",
      "tags": ["咖啡", "連鎖"]
    },
    {
      "id": "node/6942478488",
      "name": "路易莎咖啡",
      "brand": "Louisa Coffee",
      "lat": 25.0795779,
      "lng": 121.5726637,
      "type": "cafe",
      "category": "coffee",
      "icon": "☕",
      "tags": ["咖啡", "連鎖", "平價"]
    },
    {
      "id": "node/7506735186",
      "name": "路易莎咖啡",
      "brand": "Louisa Coffee",
      "lat": 25.0781902,
      "lng": 121.5762523,
      "type": "cafe",
      "category": "coffee",
      "icon": "☕",
      "tags": ["咖啡", "連鎖", "平價"]
    },
    {
      "id": "node/2826063236",
      "name": "85度C",
      "brand": "85°C",
      "lat": 25.078481,
      "lng": 121.5787995,
      "type": "cafe",
      "category": "coffee",
      "icon": "☕",
      "tags": ["咖啡", "麵包", "連鎖"]
    },
    {
      "id": "node/4642421494",
      "name": "Cama",
      "brand": "Cama",
      "lat": 25.0816015,
      "lng": 121.5711709,
      "type": "cafe",
      "category": "coffee",
      "icon": "☕",
      "tags": ["咖啡", "連鎖", "現烘"]
    },
    {
      "id": "node/6781231890",
      "name": "可不可熟成紅茶",
      "brand": "KEBUKE",
      "lat": 25.0791682,
      "lng": 121.5694606,
      "type": "cafe",
      "category": "bubble_tea",
      "icon": "🧋",
      "tags": ["手搖", "紅茶", "文青"],
      "address": "台北市內湖區瑞光路517號1樓"
    },
    {
      "id": "node/13096109867",
      "name": "五桐號",
      "brand": "WooTea",
      "lat": 25.0762704,
      "lng": 121.5756049,
      "type": "cafe",
      "category": "bubble_tea",
      "icon": "🧋",
      "tags": ["手搖", "楊枝甘露"]
    },
    {
      "id": "node/13096149904",
      "name": "俏 Ciao",
      "brand": null,
      "lat": 25.0755956,
      "lng": 121.5764585,
      "type": "cafe",
      "category": "bubble_tea",
      "icon": "🧋",
      "tags": ["手搖"]
    },
    {
      "id": "node/8404721411",
      "name": "不想上班只好喝拿鐵",
      "brand": null,
      "lat": 25.0764492,
      "lng": 121.5759622,
      "type": "cafe",
      "category": "independent",
      "icon": "😩",
      "tags": ["咖啡", "厭世"]
    },
    {
      "id": "node/12384580420",
      "name": "Moooon River Cafe & Books",
      "brand": null,
      "lat": 25.0754474,
      "lng": 121.5760877,
      "type": "cafe",
      "category": "independent",
      "icon": "📚",
      "tags": ["咖啡", "書店", "WiFi"],
      "address": "台北市內湖區瑞光路218號4樓",
      "opening_hours": "Mo-Th 11:00-18:00; Fr-Su 11:00-21:00",
      "website": "https://moooonriver.com"
    },
    {
      "id": "node/4352044389",
      "name": "在山野對話",
      "brand": null,
      "lat": 25.078087,
      "lng": 121.5772668,
      "type": "cafe",
      "category": "independent",
      "icon": "🏔️",
      "tags": ["咖啡", "早午餐", "WiFi"],
      "address": "台北市內湖區港墘路127巷16弄10號",
      "opening_hours": "Mo, We-Fr 08:00-18:00; Sa-Su 08:00-19:00"
    },
    {
      "id": "node/6415386155",
      "name": "石上清湶",
      "brand": null,
      "lat": 25.0806561,
      "lng": 121.5740643,
      "type": "cafe",
      "category": "tea",
      "icon": "🍵",
      "tags": ["茶", "咖啡"],
      "address": "台北市內湖區內湖路一段615號1樓"
    },
    {
      "id": "node/1796775323",
      "name": "TIMAMA",
      "brand": null,
      "lat": 25.0755327,
      "lng": 121.5775114,
      "type": "cafe",
      "category": "bakery",
      "icon": "🥐",
      "tags": ["麵包", "咖啡"]
    },
    {
      "id": "node/7947741240",
      "name": "彼得好咖啡",
      "brand": null,
      "lat": 25.0790702,
      "lng": 121.5732075,
      "type": "cafe",
      "category": "independent",
      "icon": "☕",
      "tags": ["咖啡"],
      "address": "台北市內湖區洲子街50號"
    },
    {
      "id": "node/9337012258",
      "name": "自家屋珈琲焙煎所",
      "brand": null,
      "lat": 25.0816977,
      "lng": 121.5721567,
      "type": "cafe",
      "category": "independent",
      "icon": "☕",
      "tags": ["咖啡", "自烘"],
      "address": "台北市內湖區內湖路一段437巷4弄2號"
    },
    {
      "id": "node/8504077631",
      "name": "萊樂檬",
      "brand": null,
      "lat": 25.0813526,
      "lng": 121.5720082,
      "type": "cafe",
      "category": "juice",
      "icon": "🍋",
      "tags": ["檸檬", "果汁"],
      "address": "台北市內湖區內湖路一段435號"
    },
    {
      "id": "node/4341360899",
      "name": "醜小鴨",
      "brand": null,
      "lat": 25.0762365,
      "lng": 121.5758906,
      "type": "cafe",
      "category": "independent",
      "icon": "🦆",
      "tags": ["咖啡"]
    },
    {
      "id": "node/7669551669",
      "name": "晨品咖啡",
      "brand": null,
      "lat": 25.0774064,
      "lng": 121.5769263,
      "type": "cafe",
      "category": "independent",
      "icon": "☕",
      "tags": ["咖啡"]
    },
    {
      "id": "node/12213895887",
      "name": "綠光花園咖啡館",
      "brand": null,
      "lat": 25.0782264,
      "lng": 121.5779621,
      "type": "cafe",
      "category": "independent",
      "icon": "🌿",
      "tags": ["咖啡", "花園"]
    },
    {
      "id": "node/6796742193",
      "name": "TAKE OUT",
      "brand": null,
      "lat": 25.0796496,
      "lng": 121.5736052,
      "type": "cafe",
      "category": "independent",
      "icon": "☕",
      "tags": ["咖啡"]
    },
    {
      "id": "node/4340640791",
      "name": "享樂咖啡",
      "brand": null,
      "lat": 25.0747436,
      "lng": 121.5779254,
      "type": "cafe",
      "category": "independent",
      "icon": "☕",
      "tags": ["咖啡"]
    },
    {
      "id": "node/10125619547",
      "name": "GO GO GEESAA",
      "brand": null,
      "lat": 25.07772,
      "lng": 121.5748694,
      "type": "cafe",
      "category": "independent",
      "icon": "☕",
      "tags": ["咖啡"]
    },
    {
      "id": "node/11076757410",
      "name": "丹家暢堤咖啡",
      "brand": null,
      "lat": 25.0743624,
      "lng": 121.5784883,
      "type": "cafe",
      "category": "independent",
      "icon": "☕",
      "tags": ["咖啡"]
    },
    {
      "id": "node/12041431041",
      "name": "艾卡啡商行",
      "brand": null,
      "lat": 25.0778789,
      "lng": 121.5773436,
      "type": "cafe",
      "category": "independent",
      "icon": "☕",
      "tags": ["咖啡"]
    },
    {
      "id": "node/10801354593",
      "name": "S&D Coffee",
      "brand": null,
      "lat": 25.0817597,
      "lng": 121.5735681,
      "type": "cafe",
      "category": "independent",
      "icon": "☕",
      "tags": ["咖啡"]
    }
  ],
  "filters": {
    "types": [
      { "id": "fast_food", "name": "速食", "icon": "🍔", "count": 14 },
      { "id": "cafe", "name": "咖啡/飲料", "icon": "☕", "count": 29 }
    ],
    "categories": [
      { "id": "burger", "name": "漢堡", "icon": "🍔", "count": 5 },
      { "id": "coffee", "name": "連鎖咖啡", "icon": "☕", "count": 9 },
      { "id": "independent", "name": "獨立咖啡", "icon": "🏠", "count": 14 },
      { "id": "bubble_tea", "name": "手搖飲", "icon": "🧋", "count": 3 },
      { "id": "dumplings", "name": "水餃鍋貼", "icon": "🥟", "count": 2 },
      { "id": "beef_bowl", "name": "牛丼", "icon": "🍚", "count": 2 },
      { "id": "sandwich", "name": "潛艇堡", "icon": "🥪", "count": 2 },
      { "id": "breakfast", "name": "早餐", "icon": "🍳", "count": 2 },
      { "id": "chicken", "name": "炸雞", "icon": "🍗", "count": 1 },
      { "id": "tea", "name": "茶館", "icon": "🍵", "count": 1 },
      { "id": "bakery", "name": "烘焙", "icon": "🥐", "count": 1 },
      { "id": "juice", "name": "果汁", "icon": "🍋", "count": 1 }
    ],
    "brands": [
      { "id": "starbucks", "name": "星巴克", "count": 5, "color": "#00704A" },
      { "id": "mos", "name": "摩斯漢堡", "count": 3, "color": "#E60012" },
      { "id": "mcdonalds", "name": "麥當勞", "count": 2, "color": "#FFC72C" },
      { "id": "louisa", "name": "路易莎", "count": 2, "color": "#1E3A5F" },
      { "id": "subway", "name": "Subway", "count": 2, "color": "#008C15" },
      { "id": "8fang", "name": "八方雲集", "count": 2, "color": "#FF6B35" },
      { "id": "85c", "name": "85度C", "count": 1, "color": "#C8102E" },
      { "id": "cama", "name": "Cama", "count": 1, "color": "#8B4513" },
      { "id": "kebuke", "name": "可不可", "count": 1, "color": "#8B4513" },
      { "id": "wootea", "name": "五桐號", "count": 1, "color": "#D4AF37" },
      { "id": "tkk", "name": "頂呱呱", "count": 1, "color": "#FF8C00" },
      { "id": "yoshinoya", "name": "吉野家", "count": 1, "color": "#FF5500" },
      { "id": "matsuya", "name": "松屋", "count": 1, "color": "#006400" }
    ]
  }
}
